<?xml version="1.0"?>
<!--<!DOCTYPE metadata SYSTEM "http://www.esri.com/metadata/esriprof80.dtd">-->
<metadata xml:lang="pt"><Esri><MetaID>{7F377FE8-37EA-499F-AF7D-976D54E85F27}</MetaID><CreaDate>20100217</CreaDate><CreaTime>15275700</CreaTime><SyncOnce>FALSE</SyncOnce><SyncDate>20131210</SyncDate><SyncTime>18161400</SyncTime><ModDate>20131210</ModDate><ModTime>18161400</ModTime><DataProperties><lineage><Process ToolSource="C:\Arquivos de programas\ArcGIS\ArcToolbox\Toolboxes\Data Management Tools.tbx\CopyFeatures" Date="20100217" Time="152757">CopyFeatures "D:\JA\UERJ\extensão\praticas_mod3\Parte II\dadosP4\originais\SOL_Dez2009.shp" "D:\JA\UERJ\extensão\praticas_mod3\Parte II\dadosP4\iniciais\Base_SIGEL.gdb\SOL_Dez2009" # 0 0 0</Process><Process ToolSource="C:\Arquivos de programas\ArcGIS\ArcToolbox\Toolboxes\Data Management Tools.tbx\Merge" Date="20100217" Time="153317">Merge SOL_Dez2009;EOL_Dez2009;CGU_Dez2009 "D:\JA\UERJ\extensão\praticas_mod3\Parte II\dadosP4\iniciais\Base_SIGEL.gdb\Renováveis2" "Nome 'Nome' true true false 254 Text 0 0 ,First,#,SOL_Dez2009,Nome,-1,-1,EOL_Dez2009,Nome,-1,-1,CGU_Dez2009,Nome,-1,-1;ESTAGIO 'ESTAGIO' true true false 254 Text 0 0 ,First,#,SOL_Dez2009,ESTAGIO,-1,-1,EOL_Dez2009,ESTAGIO,-1,-1,CGU_Dez2009,ESTAGIO,-1,-1;Latitude 'Latitude' true true false 8 Double 0 0 ,First,#,SOL_Dez2009,Latitude,-1,-1,EOL_Dez2009,Latitude,-1,-1,CGU_Dez2009,Latitude,-1,-1;Longitude 'Longitude' true true false 8 Double 0 0 ,First,#,SOL_Dez2009,Longitude,-1,-1,EOL_Dez2009,Longitude,-1,-1,CGU_Dez2009,Longitude,-1,-1;UF1 'UF1' true true false 254 Text 0 0 ,First,#,SOL_Dez2009,UF1,-1,-1,EOL_Dez2009,UF1,-1,-1,CGU_Dez2009,UF1,-1,-1;DEST_ENERG 'DEST_ENERG' true true false 254 Text 0 0 ,First,#,SOL_Dez2009,DEST_ENERG,-1,-1,EOL_Dez2009,DEST_ENERG,-1,-1,CGU_Dez2009,DEST_ENERG,-1,-1;PROC_ANEEL 'PROC_ANEEL' true true false 254 Text 0 0 ,First,#,SOL_Dez2009,PROC_ANEEL,-1,-1,EOL_Dez2009,PROC_ANEEL,-1,-1,CGU_Dez2009,PROC_ANEEL,-1,-1;ATO_LEGAL 'ATO_LEGAL' true true false 254 Text 0 0 ,First,#,SOL_Dez2009,ATO_LEGAL,-1,-1,EOL_Dez2009,ATO_LEGAL,-1,-1,CGU_Dez2009,ATO_LEGAL,-1,-1;CLAS_COMB 'CLAS_COMB' true true false 254 Text 0 0 ,First,#,SOL_Dez2009,CLAS_COMB,-1,-1,CGU_Dez2009,CLAS_COMB,-1,-1;COMBUST 'COMBUST' true true false 254 Text 0 0 ,First,#,SOL_Dez2009,COMBUST,-1,-1,CGU_Dez2009,COMBUST,-1,-1;P_OUT_KW 'P_OUT_KW' true true false 8 Double 0 0 ,First,#,SOL_Dez2009,P_OUT_KW,-1,-1,EOL_Dez2009,P_OUT_KW,-1,-1,CGU_Dez2009,P_OUT_KW,-1,-1;P_FISC_KW 'P_FISC_KW' true true false 8 Double 0 0 ,First,#,SOL_Dez2009,P_FISC_KW,-1,-1,EOL_Dez2009,P_FISC_KW,-1,-1,CGU_Dez2009,P_FISC_KW,-1,-1;PROPRIETAR 'PROPRIETAR' true true false 254 Text 0 0 ,First,#,SOL_Dez2009,PROPRIETAR,-1,-1,EOL_Dez2009,PROPRIETAR,-1,-1,CGU_Dez2009,PROPRIETAR,-1,-1;ULT_ATUAL 'ULT_ATUAL' true true false 8 Date 0 0 ,First,#,SOL_Dez2009,ULT_ATUAL,-1,-1,EOL_Dez2009,ULT_ATUAL,-1,-1,CGU_Dez2009,ULT_ATUAL,-1,-1;MUNIC1 'MUNIC1' true true false 50 Text 0 0 ,First,#,SOL_Dez2009,MUNIC1,-1,-1,EOL_Dez2009,MUNIC1,-1,-1,CGU_Dez2009,MUN1,-1,-1;TIPO 'TIPO' true true false 2 Short 0 0 ,First,#,SOL_Dez2009,TIPO,-1,-1,EOL_Dez2009,TIPO,-1,-1,CGU_Dez2009,TIPO,-1,-1"</Process></lineage><itemProps><itemName Sync="TRUE">Outras_Geradoras_de_Fontes_Renováveis</itemName><imsContentType Sync="TRUE">002</imsContentType><itemSize Sync="TRUE">0.000</itemSize><itemLocation><linkage Sync="TRUE">file://\\LAPTOP_JA\C$\CursosGeo\Python\Projeto_1\Outras_Geradoras_de_Fontes_Renováveis.shp</linkage><protocol Sync="TRUE">Local Area Network</protocol></itemLocation></itemProps><coordRef><type Sync="TRUE">Geographic</type><geogcsn Sync="TRUE">GCS_South_American_1969</geogcsn><csUnits Sync="TRUE">Angular Unit: Degree (0.017453)</csUnits><peXml Sync="TRUE">&lt;GeographicCoordinateSystem xsi:type='typens:GeographicCoordinateSystem' xmlns:xsi='http://www.w3.org/2001/XMLSchema-instance' xmlns:xs='http://www.w3.org/2001/XMLSchema' xmlns:typens='http://www.esri.com/schemas/ArcGIS/10.1'&gt;&lt;WKT&gt;GEOGCS[&amp;quot;GCS_South_American_1969&amp;quot;,DATUM[&amp;quot;D_South_American_1969&amp;quot;,SPHEROID[&amp;quot;GRS_1967_Truncated&amp;quot;,6378160.0,298.25]],PRIMEM[&amp;quot;Greenwich&amp;quot;,0.0],UNIT[&amp;quot;Degree&amp;quot;,0.0174532925199433],AUTHORITY[&amp;quot;EPSG&amp;quot;,4618]]&lt;/WKT&gt;&lt;XOrigin&gt;-400&lt;/XOrigin&gt;&lt;YOrigin&gt;-400&lt;/YOrigin&gt;&lt;XYScale&gt;11258999068426.238&lt;/XYScale&gt;&lt;ZOrigin&gt;-100000&lt;/ZOrigin&gt;&lt;ZScale&gt;10000&lt;/ZScale&gt;&lt;MOrigin&gt;-100000&lt;/MOrigin&gt;&lt;MScale&gt;10000&lt;/MScale&gt;&lt;XYTolerance&gt;8.9831204474460232e-009&lt;/XYTolerance&gt;&lt;ZTolerance&gt;0.001&lt;/ZTolerance&gt;&lt;MTolerance&gt;0.001&lt;/MTolerance&gt;&lt;HighPrecision&gt;true&lt;/HighPrecision&gt;&lt;LeftLongitude&gt;-180&lt;/LeftLongitude&gt;&lt;WKID&gt;4291&lt;/WKID&gt;&lt;LatestWKID&gt;4618&lt;/LatestWKID&gt;&lt;/GeographicCoordinateSystem&gt;</peXml></coordRef></DataProperties></Esri><idinfo><native Sync="TRUE">Microsoft Windows XP Version 5.1 (Build 2600) Service Pack 3; ESRI ArcCatalog 9.3.1.3500</native><descript><langdata Sync="TRUE">pt</langdata><abstract>REQUIRED: A brief narrative summary of the data set.</abstract><purpose>REQUIRED: A summary of the intentions with which the data set was developed.</purpose></descript><citation><citeinfo><origin>REQUIRED: The name of an organization or individual that developed the data set.</origin><pubdate>REQUIRED: The date when the data set is published or otherwise made available for release.</pubdate><title Sync="TRUE">Renováveis2</title><ftname Sync="TRUE">Renováveis2</ftname><geoform Sync="TRUE">vector digital data</geoform><onlink Sync="TRUE">\\PC_DO_ZE\D$\JA\UERJ\extensão\praticas_mod3\Parte II\dadosP4\iniciais\Base_SIGEL.gdb</onlink></citeinfo></citation><timeperd><current>REQUIRED: The basis on which the time period of content information is determined.</current><timeinfo><sngdate><caldate>REQUIRED: The year (and optionally month, or month and day) for which the data set corresponds to the ground.</caldate></sngdate></timeinfo></timeperd><status><progress>REQUIRED: The state of the data set.</progress><update>REQUIRED: The frequency with which changes and additions are made to the data set after the initial data set is completed.</update></status><spdom><bounding><westbc Sync="TRUE">REQUIRED: Western-most coordinate of the limit of coverage expressed in longitude.</westbc><eastbc Sync="TRUE">REQUIRED: Eastern-most coordinate of the limit of coverage expressed in longitude.</eastbc><northbc Sync="TRUE">REQUIRED: Northern-most coordinate of the limit of coverage expressed in latitude.</northbc><southbc Sync="TRUE">REQUIRED: Southern-most coordinate of the limit of coverage expressed in latitude.</southbc></bounding></spdom><keywords><theme><themekt>REQUIRED: Reference to a formally registered thesaurus or a similar authoritative source of theme keywords.</themekt><themekey>REQUIRED: Common-use word or phrase used to describe the subject of the data set.</themekey></theme></keywords><accconst>REQUIRED: Restrictions and legal prerequisites for accessing the data set.</accconst><useconst>REQUIRED: Restrictions and legal prerequisites for using the data set after access is granted.</useconst><natvform Sync="TRUE">File Geodatabase Feature Class</natvform></idinfo><dataIdInfo><envirDesc Sync="TRUE">Microsoft Windows 7 Version 6.1 (Build 7601) Service Pack 1; Esri ArcGIS 10.2.0.3348</envirDesc><dataLang><languageCode Sync="TRUE" value="por"></languageCode><countryCode value="BRA" Sync="TRUE"></countryCode></dataLang><idCitation><resTitle Sync="TRUE">Outras_Geradoras_de_Fontes_Renováveis</resTitle><presForm><PresFormCd value="005" Sync="TRUE"></PresFormCd></presForm></idCitation><spatRpType><SpatRepTypCd value="001" Sync="TRUE"></SpatRepTypCd></spatRpType></dataIdInfo><metainfo><langmeta Sync="TRUE">pt</langmeta><metstdn Sync="TRUE">FGDC Content Standards for Digital Geospatial Metadata</metstdn><metstdv Sync="TRUE">FGDC-STD-001-1998</metstdv><mettc Sync="TRUE">local time</mettc><metc><cntinfo><cntorgp><cntper>REQUIRED: The person responsible for the metadata information.</cntper><cntorg>REQUIRED: The organization responsible for the metadata information.</cntorg></cntorgp><cntaddr><addrtype>REQUIRED: The mailing and/or physical address for the organization or individual.</addrtype><city>REQUIRED: The city of the address.</city><state>REQUIRED: The state or province of the address.</state><postal>REQUIRED: The ZIP or other postal code of the address.</postal></cntaddr><cntvoice>REQUIRED: The telephone number by which individuals can speak to the organization or individual.</cntvoice></cntinfo></metc><metd Sync="TRUE">20100217</metd></metainfo><mdLang><languageCode Sync="TRUE" value="por"></languageCode><countryCode value="BRA" Sync="TRUE"></countryCode></mdLang><mdStanName Sync="TRUE">ISO 19115 Geographic Information - Metadata</mdStanName><mdStanVer Sync="TRUE">DIS_ESRI1.0</mdStanVer><mdChar><CharSetCd Sync="TRUE" value="004"></CharSetCd></mdChar><mdHrLv><ScopeCd Sync="TRUE" value="005"></ScopeCd></mdHrLv><mdHrLvName Sync="TRUE">dataset</mdHrLvName><distinfo><resdesc Sync="TRUE">Downloadable Data</resdesc></distinfo><distInfo><distributor><distorTran><onLineSrc><orDesc Sync="TRUE">002</orDesc><linkage Sync="TRUE">file://\\PC_DO_ZE\D$\JA\UERJ\extensão\praticas_mod3\Parte II\dadosP4\iniciais\Base_SIGEL.gdb</linkage><protocol Sync="TRUE">Local Area Network</protocol></onLineSrc></distorTran><distorFormat><formatName Sync="TRUE">File Geodatabase Feature Class</formatName></distorFormat></distributor><distFormat><formatName Sync="TRUE">Shapefile</formatName></distFormat><distTranOps><transSize Sync="TRUE">0.000</transSize></distTranOps></distInfo><spdoinfo><direct Sync="TRUE">Vector</direct><ptvctinf><esriterm Name="Outras_Geradoras_de_Fontes_Renováveis"><efeatyp Sync="TRUE">Simple</efeatyp><efeageom code="1" Sync="TRUE"></efeageom><esritopo Sync="TRUE">FALSE</esritopo><efeacnt Sync="TRUE">0</efeacnt><spindex Sync="TRUE">FALSE</spindex><linrefer Sync="TRUE">FALSE</linrefer></esriterm></ptvctinf></spdoinfo><spref><horizsys><cordsysn><geogcsn Sync="TRUE">GCS_South_American_1969</geogcsn></cordsysn><geograph><geogunit Sync="TRUE">Decimal degrees</geogunit><latres Sync="TRUE">0.000000</latres><longres Sync="TRUE">0.000000</longres></geograph><geodetic><horizdn Sync="TRUE">D_South_American_1969</horizdn><ellips Sync="TRUE">GRS_1967_Truncated</ellips><semiaxis Sync="TRUE">6378160.000000</semiaxis><denflat Sync="TRUE">298.250000</denflat></geodetic></horizsys></spref><refSysInfo><RefSystem><refSysID><identCode Sync="TRUE" code="4618">GCS_South_American_1969</identCode><idCodeSpace Sync="TRUE">EPSG</idCodeSpace><idVersion Sync="TRUE">8.1.1</idVersion></refSysID></RefSystem></refSysInfo><spatRepInfo><VectSpatRep><geometObjs Name="Outras_Geradoras_de_Fontes_Renováveis"><geoObjTyp><GeoObjTypCd value="004" Sync="TRUE"></GeoObjTypCd></geoObjTyp><geoObjCnt Sync="TRUE">0</geoObjCnt></geometObjs><topLvl><TopoLevCd value="001" Sync="TRUE"></TopoLevCd></topLvl></VectSpatRep></spatRepInfo><eainfo><detailed Name="Outras_Geradoras_de_Fontes_Renováveis"><enttyp><enttypl Sync="TRUE">Outras_Geradoras_de_Fontes_Renováveis</enttypl><enttypt Sync="TRUE">Feature Class</enttypt><enttypc Sync="TRUE">0</enttypc></enttyp><attr><attrlabl Sync="TRUE">FID</attrlabl><attalias Sync="TRUE">FID</attalias><attrtype Sync="TRUE">OID</attrtype><attwidth Sync="TRUE">4</attwidth><atprecis Sync="TRUE">0</atprecis><attscale Sync="TRUE">0</attscale><attrdef Sync="TRUE">Internal feature number.</attrdef><attrdefs Sync="TRUE">Esri</attrdefs><attrdomv><udom Sync="TRUE">Sequential unique whole numbers that are automatically generated.</udom></attrdomv></attr><attr><attrlabl Sync="TRUE">Shape</attrlabl><attalias Sync="TRUE">Shape</attalias><attrtype Sync="TRUE">Geometry</attrtype><attwidth Sync="TRUE">0</attwidth><atprecis Sync="TRUE">0</atprecis><attscale Sync="TRUE">0</attscale><attrdef Sync="TRUE">Feature geometry.</attrdef><attrdefs Sync="TRUE">ESRI</attrdefs><attrdomv><udom Sync="TRUE">Coordinates defining the features.</udom></attrdomv></attr><attr><attrlabl Sync="TRUE">Nome</attrlabl><attalias Sync="TRUE">Nome</attalias><attrtype Sync="TRUE">String</attrtype><attwidth Sync="TRUE">254</attwidth><atprecis Sync="TRUE">0</atprecis><attscale Sync="TRUE">0</attscale></attr><attr><attrlabl Sync="TRUE">ESTAGIO</attrlabl><attalias Sync="TRUE">ESTAGIO</attalias><attrtype Sync="TRUE">String</attrtype><attwidth Sync="TRUE">254</attwidth><atprecis Sync="TRUE">0</atprecis><attscale Sync="TRUE">0</attscale></attr><attr><attrlabl Sync="TRUE">Latitude</attrlabl><attalias Sync="TRUE">Latitude</attalias><attrtype Sync="TRUE">Double</attrtype><attwidth Sync="TRUE">19</attwidth><atprecis Sync="TRUE">0</atprecis><attscale Sync="TRUE">0</attscale></attr><attr><attrlabl Sync="TRUE">Longitude</attrlabl><attalias Sync="TRUE">Longitude</attalias><attrtype Sync="TRUE">Double</attrtype><attwidth Sync="TRUE">19</attwidth><atprecis Sync="TRUE">0</atprecis><attscale Sync="TRUE">0</attscale></attr><attr><attrlabl Sync="TRUE">UF1</attrlabl><attalias Sync="TRUE">UF1</attalias><attrtype Sync="TRUE">String</attrtype><attwidth Sync="TRUE">254</attwidth><atprecis Sync="TRUE">0</atprecis><attscale Sync="TRUE">0</attscale></attr><attr><attrlabl Sync="TRUE">DEST_ENERG</attrlabl><attalias Sync="TRUE">DEST_ENERG</attalias><attrtype Sync="TRUE">String</attrtype><attwidth Sync="TRUE">254</attwidth><atprecis Sync="TRUE">0</atprecis><attscale Sync="TRUE">0</attscale></attr><attr><attrlabl Sync="TRUE">PROC_ANEEL</attrlabl><attalias Sync="TRUE">PROC_ANEEL</attalias><attrtype Sync="TRUE">String</attrtype><attwidth Sync="TRUE">254</attwidth><atprecis Sync="TRUE">0</atprecis><attscale Sync="TRUE">0</attscale></attr><attr><attrlabl Sync="TRUE">ATO_LEGAL</attrlabl><attalias Sync="TRUE">ATO_LEGAL</attalias><attrtype Sync="TRUE">String</attrtype><attwidth Sync="TRUE">254</attwidth><atprecis Sync="TRUE">0</atprecis><attscale Sync="TRUE">0</attscale></attr><attr><attrlabl Sync="TRUE">CLAS_COMB</attrlabl><attalias Sync="TRUE">CLAS_COMB</attalias><attrtype Sync="TRUE">String</attrtype><attwidth Sync="TRUE">254</attwidth><atprecis Sync="TRUE">0</atprecis><attscale Sync="TRUE">0</attscale></attr><attr><attrlabl Sync="TRUE">COMBUST</attrlabl><attalias Sync="TRUE">COMBUST</attalias><attrtype Sync="TRUE">String</attrtype><attwidth Sync="TRUE">254</attwidth><atprecis Sync="TRUE">0</atprecis><attscale Sync="TRUE">0</attscale></attr><attr><attrlabl Sync="TRUE">P_OUT_KW</attrlabl><attalias Sync="TRUE">P_OUT_KW</attalias><attrtype Sync="TRUE">Double</attrtype><attwidth Sync="TRUE">19</attwidth><atprecis Sync="TRUE">0</atprecis><attscale Sync="TRUE">0</attscale></attr><attr><attrlabl Sync="TRUE">P_FISC_KW</attrlabl><attalias Sync="TRUE">P_FISC_KW</attalias><attrtype Sync="TRUE">Double</attrtype><attwidth Sync="TRUE">19</attwidth><atprecis Sync="TRUE">0</atprecis><attscale Sync="TRUE">0</attscale></attr><attr><attrlabl Sync="TRUE">PROPRIETAR</attrlabl><attalias Sync="TRUE">PROPRIETAR</attalias><attrtype Sync="TRUE">String</attrtype><attwidth Sync="TRUE">254</attwidth><atprecis Sync="TRUE">0</atprecis><attscale Sync="TRUE">0</attscale></attr><attr><attrlabl Sync="TRUE">ULT_ATUAL</attrlabl><attalias Sync="TRUE">ULT_ATUAL</attalias><attrtype Sync="TRUE">Date</attrtype><attwidth Sync="TRUE">8</attwidth><atprecis Sync="TRUE">0</atprecis><attscale Sync="TRUE">0</attscale></attr><attr><attrlabl Sync="TRUE">MUNIC1</attrlabl><attalias Sync="TRUE">MUNIC1</attalias><attrtype Sync="TRUE">String</attrtype><attwidth Sync="TRUE">50</attwidth><atprecis Sync="TRUE">0</atprecis><attscale Sync="TRUE">0</attscale></attr><attr><attrlabl Sync="TRUE">TIPO</attrlabl><attalias Sync="TRUE">TIPO</attalias><attrtype Sync="TRUE">SmallInteger</attrtype><attwidth Sync="TRUE">4</attwidth><atprecis Sync="TRUE">4</atprecis><attscale Sync="TRUE">0</attscale></attr></detailed></eainfo><mdDateSt Sync="TRUE">20131210</mdDateSt></metadata>
